{
    "mse": 0.035215803760038876,
    "mse_std": 0.011004941448632734,
    "psnr": 14.77291735271584,
    "psnr_std": 1.5349034353413298,
    "ssim": 0.6988331493231952,
    "ssim_std": 0.07519463955238542,
    "total_images": 50
}